run,setup_time,run_time,total_time,benchmark_output
1,122,-85,37,time="2025-12-12T13:37:41Z" level=debug msg="Get runtime connection" time="2025-12-12T13:37:41Z" level=debug msg="Using runtime connection timeout: 1h6m40s" Fri Dec 12 13:37:00 UTC 2025 Lenna.png Object Lenna.png downloaded to /tmp/Lenna.png File /tmp/flip-left-right-Lenna.png uploaded to flip-left-right-Lenna.png File /tmp/flip-top-bottom-Lenna.png uploaded to flip-top-bottom-Lenna.png File /tmp/rotate-90-Lenna.png uploaded to rotate-90-Lenna.png File /tmp/rotate-180-Lenna.png uploaded to rotate-180-Lenna.png File /tmp/rotate-270-Lenna.png uploaded to rotate-270-Lenna.png File /tmp/blur-Lenna.png uploaded to blur-Lenna.png File /tmp/contour-Lenna.png uploaded to contour-Lenna.png File /tmp/sharpen-Lenna.png uploaded to sharpen-Lenna.png File /tmp/gray-scale-Lenna.png uploaded to gray-scale-Lenna.png File /tmp/resized-Lenna.png uploaded to resized-Lenna.png latency : 9.292506456375122 
2,149,-85,64,time="2025-12-12T13:38:07Z" level=debug msg="Get runtime connection" time="2025-12-12T13:38:07Z" level=debug msg="Using runtime connection timeout: 1h6m40s" Fri Dec 12 13:37:00 UTC 2025 Lenna.png Object Lenna.png downloaded to /tmp/Lenna.png File /tmp/flip-left-right-Lenna.png uploaded to flip-left-right-Lenna.png File /tmp/flip-top-bottom-Lenna.png uploaded to flip-top-bottom-Lenna.png File /tmp/rotate-90-Lenna.png uploaded to rotate-90-Lenna.png File /tmp/rotate-180-Lenna.png uploaded to rotate-180-Lenna.png File /tmp/rotate-270-Lenna.png uploaded to rotate-270-Lenna.png File /tmp/blur-Lenna.png uploaded to blur-Lenna.png File /tmp/contour-Lenna.png uploaded to contour-Lenna.png File /tmp/sharpen-Lenna.png uploaded to sharpen-Lenna.png File /tmp/gray-scale-Lenna.png uploaded to gray-scale-Lenna.png File /tmp/resized-Lenna.png uploaded to resized-Lenna.png latency : 10.3996000289917 
3,123,-97,26,time="2025-12-12T13:37:30Z" level=debug msg="Get runtime connection" time="2025-12-12T13:37:30Z" level=debug msg="Using runtime connection timeout: 1h6m40s" Fri Dec 12 13:37:00 UTC 2025 Lenna.png Object Lenna.png downloaded to /tmp/Lenna.png File /tmp/flip-left-right-Lenna.png uploaded to flip-left-right-Lenna.png File /tmp/flip-top-bottom-Lenna.png uploaded to flip-top-bottom-Lenna.png File /tmp/rotate-90-Lenna.png uploaded to rotate-90-Lenna.png File /tmp/rotate-180-Lenna.png uploaded to rotate-180-Lenna.png File /tmp/rotate-270-Lenna.png uploaded to rotate-270-Lenna.png File /tmp/blur-Lenna.png uploaded to blur-Lenna.png File /tmp/contour-Lenna.png uploaded to contour-Lenna.png File /tmp/sharpen-Lenna.png uploaded to sharpen-Lenna.png File /tmp/gray-scale-Lenna.png uploaded to gray-scale-Lenna.png File /tmp/resized-Lenna.png uploaded to resized-Lenna.png latency : 10.18462872505188 
4,126,-93,33,time="2025-12-12T13:37:36Z" level=debug msg="Get runtime connection" time="2025-12-12T13:37:36Z" level=debug msg="Using runtime connection timeout: 1h6m40s" Fri Dec 12 13:37:00 UTC 2025 Lenna.png Object Lenna.png downloaded to /tmp/Lenna.png File /tmp/flip-left-right-Lenna.png uploaded to flip-left-right-Lenna.png File /tmp/flip-top-bottom-Lenna.png uploaded to flip-top-bottom-Lenna.png File /tmp/rotate-90-Lenna.png uploaded to rotate-90-Lenna.png File /tmp/rotate-180-Lenna.png uploaded to rotate-180-Lenna.png File /tmp/rotate-270-Lenna.png uploaded to rotate-270-Lenna.png File /tmp/blur-Lenna.png uploaded to blur-Lenna.png File /tmp/contour-Lenna.png uploaded to contour-Lenna.png File /tmp/sharpen-Lenna.png uploaded to sharpen-Lenna.png File /tmp/gray-scale-Lenna.png uploaded to gray-scale-Lenna.png File /tmp/resized-Lenna.png uploaded to resized-Lenna.png latency : 9.43805742263794 
5,136,-80,56,time="2025-12-12T13:37:59Z" level=debug msg="Get runtime connection" time="2025-12-12T13:37:59Z" level=debug msg="Using runtime connection timeout: 1h6m40s" Fri Dec 12 13:37:00 UTC 2025 Lenna.png Object Lenna.png downloaded to /tmp/Lenna.png File /tmp/flip-left-right-Lenna.png uploaded to flip-left-right-Lenna.png File /tmp/flip-top-bottom-Lenna.png uploaded to flip-top-bottom-Lenna.png File /tmp/rotate-90-Lenna.png uploaded to rotate-90-Lenna.png File /tmp/rotate-180-Lenna.png uploaded to rotate-180-Lenna.png File /tmp/rotate-270-Lenna.png uploaded to rotate-270-Lenna.png File /tmp/blur-Lenna.png uploaded to blur-Lenna.png File /tmp/contour-Lenna.png uploaded to contour-Lenna.png File /tmp/sharpen-Lenna.png uploaded to sharpen-Lenna.png File /tmp/gray-scale-Lenna.png uploaded to gray-scale-Lenna.png File /tmp/resized-Lenna.png uploaded to resized-Lenna.png latency : 11.30867624282837 
6,144,-86,58,time="2025-12-12T13:38:02Z" level=debug msg="Get runtime connection" time="2025-12-12T13:38:02Z" level=debug msg="Using runtime connection timeout: 1h6m40s" Fri Dec 12 13:37:00 UTC 2025 Lenna.png Object Lenna.png downloaded to /tmp/Lenna.png File /tmp/flip-left-right-Lenna.png uploaded to flip-left-right-Lenna.png File /tmp/flip-top-bottom-Lenna.png uploaded to flip-top-bottom-Lenna.png File /tmp/rotate-90-Lenna.png uploaded to rotate-90-Lenna.png File /tmp/rotate-180-Lenna.png uploaded to rotate-180-Lenna.png File /tmp/rotate-270-Lenna.png uploaded to rotate-270-Lenna.png File /tmp/blur-Lenna.png uploaded to blur-Lenna.png File /tmp/contour-Lenna.png uploaded to contour-Lenna.png File /tmp/sharpen-Lenna.png uploaded to sharpen-Lenna.png File /tmp/gray-scale-Lenna.png uploaded to gray-scale-Lenna.png File /tmp/resized-Lenna.png uploaded to resized-Lenna.png latency : 10.888050079345703 
7,117,-91,26,time="2025-12-12T13:37:30Z" level=debug msg="Get runtime connection" time="2025-12-12T13:37:30Z" level=debug msg="Using runtime connection timeout: 1h6m40s" Fri Dec 12 13:37:00 UTC 2025 Lenna.png Object Lenna.png downloaded to /tmp/Lenna.png File /tmp/flip-left-right-Lenna.png uploaded to flip-left-right-Lenna.png File /tmp/flip-top-bottom-Lenna.png uploaded to flip-top-bottom-Lenna.png File /tmp/rotate-90-Lenna.png uploaded to rotate-90-Lenna.png File /tmp/rotate-180-Lenna.png uploaded to rotate-180-Lenna.png File /tmp/rotate-270-Lenna.png uploaded to rotate-270-Lenna.png File /tmp/blur-Lenna.png uploaded to blur-Lenna.png File /tmp/contour-Lenna.png uploaded to contour-Lenna.png File /tmp/sharpen-Lenna.png uploaded to sharpen-Lenna.png File /tmp/gray-scale-Lenna.png uploaded to gray-scale-Lenna.png File /tmp/resized-Lenna.png uploaded to resized-Lenna.png latency : 9.422767877578735 
8,132,-95,37,time="2025-12-12T13:37:41Z" level=debug msg="Get runtime connection" time="2025-12-12T13:37:41Z" level=debug msg="Using runtime connection timeout: 1h6m40s" Fri Dec 12 13:37:00 UTC 2025 Lenna.png Object Lenna.png downloaded to /tmp/Lenna.png File /tmp/flip-left-right-Lenna.png uploaded to flip-left-right-Lenna.png File /tmp/flip-top-bottom-Lenna.png uploaded to flip-top-bottom-Lenna.png File /tmp/rotate-90-Lenna.png uploaded to rotate-90-Lenna.png File /tmp/rotate-180-Lenna.png uploaded to rotate-180-Lenna.png File /tmp/rotate-270-Lenna.png uploaded to rotate-270-Lenna.png File /tmp/blur-Lenna.png uploaded to blur-Lenna.png File /tmp/contour-Lenna.png uploaded to contour-Lenna.png File /tmp/sharpen-Lenna.png uploaded to sharpen-Lenna.png File /tmp/gray-scale-Lenna.png uploaded to gray-scale-Lenna.png File /tmp/resized-Lenna.png uploaded to resized-Lenna.png latency : 9.49029541015625 
9,128,-93,35,time="2025-12-12T13:37:38Z" level=debug msg="Get runtime connection" time="2025-12-12T13:37:38Z" level=debug msg="Using runtime connection timeout: 1h6m40s" Fri Dec 12 13:37:00 UTC 2025 Lenna.png Object Lenna.png downloaded to /tmp/Lenna.png File /tmp/flip-left-right-Lenna.png uploaded to flip-left-right-Lenna.png File /tmp/flip-top-bottom-Lenna.png uploaded to flip-top-bottom-Lenna.png File /tmp/rotate-90-Lenna.png uploaded to rotate-90-Lenna.png File /tmp/rotate-180-Lenna.png uploaded to rotate-180-Lenna.png File /tmp/rotate-270-Lenna.png uploaded to rotate-270-Lenna.png File /tmp/blur-Lenna.png uploaded to blur-Lenna.png File /tmp/contour-Lenna.png uploaded to contour-Lenna.png File /tmp/sharpen-Lenna.png uploaded to sharpen-Lenna.png File /tmp/gray-scale-Lenna.png uploaded to gray-scale-Lenna.png File /tmp/resized-Lenna.png uploaded to resized-Lenna.png latency : 9.745727062225342 
10,121,-92,29,time="2025-12-12T13:37:33Z" level=debug msg="Get runtime connection" time="2025-12-12T13:37:33Z" level=debug msg="Using runtime connection timeout: 1h6m40s" Fri Dec 12 13:37:00 UTC 2025 Lenna.png Object Lenna.png downloaded to /tmp/Lenna.png File /tmp/flip-left-right-Lenna.png uploaded to flip-left-right-Lenna.png File /tmp/flip-top-bottom-Lenna.png uploaded to flip-top-bottom-Lenna.png File /tmp/rotate-90-Lenna.png uploaded to rotate-90-Lenna.png File /tmp/rotate-180-Lenna.png uploaded to rotate-180-Lenna.png File /tmp/rotate-270-Lenna.png uploaded to rotate-270-Lenna.png File /tmp/blur-Lenna.png uploaded to blur-Lenna.png File /tmp/contour-Lenna.png uploaded to contour-Lenna.png File /tmp/sharpen-Lenna.png uploaded to sharpen-Lenna.png File /tmp/gray-scale-Lenna.png uploaded to gray-scale-Lenna.png File /tmp/resized-Lenna.png uploaded to resized-Lenna.png latency : 9.212242841720581 
